"Estimate","Std. Error","z value","Pr(>|z|)","Odds ratio"
"1|2",1.32564779190558,0.797419423446415,1.66242224973175,0.096428140770702,3.76462325776177
"2|3",4.92264866223714,0.971237537342578,5.06842916688136,4.01112196688655e-07,137.365967823835
"3|4",6.63705429059834,1.04754242782191,6.33583338900967,2.36061774857183e-10,762.844561691585
"4|5",8.51819968381456,1.1403415634836,7.46986688601659,8.02759858185527e-14,5005.03499540885
"SituationAcquaintance",2.53960993160971,0.629362943027454,4.03520728340519,5.45541139054196e-05,12.6747259964907
"SituationParent or Guardian",5.29102001641116,0.784087929122933,6.7479932031725,1.49903967980111e-11,198.545842175005
"SituationClose friend",6.84387490639002,0.870382963426559,7.86306165672956,3.74856384195354e-15,938.117217349435
"SituationRomantic partner",6.16948732232223,0.829016516739556,7.44193535080126,9.9220781195562e-14,477.941013578945
